cat_1,cat_2,cat_3,cat_4
과자,가공분말류,기타프리믹스,기타프리믹스
과자,건강보조식품,비타민/미네랄,비타민/미네랄
과자,건채소,고구마,고구마
과자,견과류,기타견과류,기타견과류
과자,견과류,땅콩,땅콩
과자,견과류,밤,밤
과자,견과류,브라질넛,브라질넛
과자,견과류,아몬드,아몬드
과자,견과류,피스타치오,피스타치오
과자,견과류,호두,호두
과자,견과류,혼합견과,혼합견과
과자,과자,밀가루스낵,밀가루스낵
과자,과자,비스킷,비스킷
과자,과자,쌀과자,쌀과자
과자,과채음료,과일음료,과일음료
과자,기타,기타,기타
과자,껌류,기능성껌,기능성껌
과자,껌류,기능성껌,일반껌
과자,껌류,일반꺼,일반꺼
과자,껌류,일반껌,일반껌
과자,껌류,토이껌류,토이껌류
과자,껌류,풍선껌,풍선껌
과자,냉장음료,냉장곡물견과음료,냉장곡물견과음료
과자,레저취미,반려묘간식,반려묘간식
과자,마른안주,어포류,어포류
과자,문화용품,문구,문구
과자,비스,스틱과자,스틱과자
과자,비스킷,밀가루스낵,밀가루스낵
과자,비스킷,샌드,샌드
과자,비스킷,샌드,크래커
과자,비스킷,스탁과자,스탁과자
과자,비스킷,스틱과자,스낵/감자스낵
과자,비스킷,스틱과자,스낵/고구마스낵
과자,비스킷,스틱과자,스틱과자
과자,비스킷,쌀과자,쌀과자
과자,비스킷,쌀스낵,쌀스낵
과자,비스킷,옥수수스낵,옥수수스낵
과자,비스킷,쿠키,쿠키
과자,비스킷,쿠키,크래커
과자,비스킷,쿠키,파이류/파이
과자,비스킷,크래커,샌드
과자,비스킷,크래커,스낵/밀가루스낵
과자,비스킷,크래커,쿠키
과자,비스킷,크래커,크래커
과자,비스킷,크레커,크레커
과자,빵,식빵,식빵
과자,빵,일반빵,일반빵
과자,빵,호빵,호빵
과자,사탕,하드캔디,하드캔디
과자,소스류,맛가루,맛가루
과자,스낵,감자스낵,감자스낵
과자,스낵,고구마스낵,고구마스낵
과자,스낵,고구마스낵,비스킷/스틱과자
과자,스낵,과일스낙,과일스낙
과자,스낵,과일스낵,과일스낵
과자,스낵,과일스낵,쌀스낵
과자,스낵,과일스낵,치즈스낵
과자,스낵,밀가루스낵,밀가루스낵
과자,스낵,밀가루스낵,야채스낵
과자,스낵,비스킷/스틱과자,비스킷/스틱과자
과자,스낵,샌드,샌드
과자,스낵,샌드,크래커
과자,스낵,스틱과자,스낵/감자스낵
과자,스낵,스틱과자,스틱과자
과자,스낵,쌀과자,쌀과자
과자,스낵,쌀스낵,과일스낵
과자,스낵,쌀스낵,쌀스낵
과자,스낵,쌀스낵,야채스낵
과자,스낵,쌀스낵,전통과자?
과자,스낵,야채스낵,야채스낵
과자,스낵,옥수수스낵,옥수수스낵
과자,스낵,일반스낵,일반스낵
과자,스낵,쿠키,쿠키
과자,스낵,팝콘,팝콘
과자,씨리얼,기능성시리얼,기능성시리얼
과자,씨리얼,씨리얼바,씨리얼바
과자,씨리얼,일반시리얼,일반시리얼
과자,씨리얼,일반씨리얼,일반씨리얼
과자,씨리얼,일빈시리얼,일빈시리얼
과자,아이스크림,구슬아이스크림,구슬아이스크림
과자,유아식품,기타간식/안주형과자,기타간식/안주형과자
과자,전통과자,기타전통과자,기타전통과자
과자,차류,과칠차,과칠차
과자,초콜렛,바초콜릿,바초콜릿
과자,초콜렛,바초콜릿,스낵/밀가루스낵
과자,초콜렛,쉘초콜렛,쉘초콜렛
과자,초콜렛,쉘초콜릿,쉘초콜릿
과자,초콜렛,초콜릿세트,초콜릿세트
과자,초콜렛,초콜릿칩,초콜릿칩
과자,초콜렛,판초콜릿,판초콜릿
과자,캔디,기능성캔디,기능성캔디
과자,캔디,사탕/캔디세트,사탕/캔디세트
과자,캔디,사탕/캔디세트,하드캔디
과자,캔디,소프르캔디,소프르캔디
과자,캔디,소프트캔디,소프트캔디
과자,캔디,양갱,양갱
과자,캔디,젤리,젤리
과자,캔디,젤리,토이젤리
과자,캔디,젤리,토이캔디
과자,캔디,젤리,토이캔디?
과자,캔디,캐러멜,소프트캔디
과자,캔디,캐러멜,캐러멜
과자,캔디,케러멜,케러멜
과자,캔디,토이캔디,토이캔디
과자,캔디,토이캔디,하드캔디
과자,캔디,하드캔디,사탕/캔디세트
과자,캔디,하드캔디,하드캔디
과자,캔디,하드켄디,하드켄디
과자,토이,토이캔디,토이캔디
과자,파이류,과자세트,과자세트
과자,파이류,과자세트,케이크
과자,파이류,과제세트,과제세트
과자,파이류,케이크,케이크
과자,파이류,케이크,파이
과자,파이류,쿠키,쿠키
과자,파이류,파이,케이크
과자,파이류,파이,파이
디저트,건과일,건포도,건포도
디저트,건과일,대추,대추
디저트,과채음료,과일음료,과일음료
디저트,디저트/베이커리,냉동디저트,냉동디저트
디저트,디저트/베이커리,냉장디저트,냉장디저트
디저트,베이커리,과자빵,과자빵
디저트,병통조림,과일병통조림,과일병통조림
디저트,비스킷,크래커,크래커
디저트,파이류,케이크,케이크
디저트,푸딩/젤리,냉장젤리류,냉장젤리류
디저트,푸딩/젤리,냉장푸딩류,냉장푸딩류
디저트,퓨레,과일퓨레,과일퓨레
면류,봉지면,국물봉지라면,김치라면
면류,봉지면,국물봉지라면,쌀국수
면류,봉지면,국물봉지라면,우동라면
면류,봉지면,국물봉지라면,일반라면
면류,봉지면,국물봉지라면,짬뽕라면
면류,봉지면,국물봉지라면,파스타
면류,봉지면,비빔봉지라면,볶음라면
면류,봉지면,비빔봉지라면,비빔면
면류,봉지면,비빔봉지라면,일반라면
면류,봉지면,비빔봉지라면,짜장라면
면류,봉지면,비빔봉지라면,파스타
면류,용기면,국물용기라면,김치라면
면류,용기면,국물용기라면,비빔면
면류,용기면,국물용기라면,쌀국수
면류,용기면,국물용기라면,우동라면
면류,용기면,국물용기라면,일반라면
면류,용기면,국물용기라면,짬뽕라면
면류,용기면,비빔용기라면,볶음라면
면류,용기면,비빔용기라면,쌀국수
면류,용기면,비빔용기라면,우동라면
면류,용기면,비빔용기라면,일반라면
면류,용기면,비빔용기라면,짜장라면
면류,용기면,비빔용기라면,파스타
상온HMR,가곡분말류,곡물가루,곡물가루
상온HMR,가공냉동과일,간편과일,간편과일
상온HMR,가공분말류,곡물가루,곡물가루
상온HMR,가공분말류,기타프리믹스,기타프리믹스
상온HMR,가공분말류,도넛가루/핫케이크가루,도넛가루/핫케이크가루
상온HMR,가공분말류,밀가루,밀가루
상온HMR,가공분말류,부침가루,부침가루
상온HMR,가공분말류,빵믹스,빵믹스
상온HMR,가공분말류,튀김가루,튀김가루
상온HMR,가공분말류,호떡믹스,호떡믹스
상온HMR,가공안주류,건과일,건과일
상온HMR,가공안주류,견과류,견과류
상온HMR,가공안주류,기타간식/안주형과자,기타간식/안주형과자
상온HMR,가공안주류,육포류,육포류
상온HMR,건강보조식품,이너뷰티,이너뷰티
상온HMR,건강보조식품,종합영양제,종합영양제
상온HMR,건과일,사과,사과
상온HMR,건면,쌈/또띠아,월남쌈
상온HMR,건면,파스타류,파스타류
상온HMR,건채소,고구마,고구마
상온HMR,건채소,마늘,마늘
상온HMR,건해조류,건미역,건미역
상온HMR,과채음료,과일음료,과일음료
상온HMR,과채음료,파우치음료,파우치음료
상온HMR,기타,기타,기타
상온HMR,냉장음료,냉장곡물견과음료,냉장곡물견과음료
상온HMR,레저취미,반려견간식,반려견간식
상온HMR,레저취미,반려묘간식,반려묘간식
상온HMR,레저취미,반려묘사료,반려묘사료
상온HMR,레토르트,기타레토르트,기타레토르트
상온HMR,레토르트,즉석국/찌개,즉석국
상온HMR,레토르트,즉석국/찌개,즉석국/찌개
상온HMR,레토르트,즉석국/찌개,즉석컵밥
상온HMR,레토르트,즉석국밥,즉석국밥
상온HMR,레토르트,즉석면류,즉석면류
상온HMR,레토르트,즉석밥,즉석밥
상온HMR,레토르트,즉석밥,즉석컵밥
상온HMR,레토르트,즉석스프,즉석스프
상온HMR,레토르트,즉석죽,분말죽
상온HMR,레토르트,즉석죽,즉석죽
상온HMR,레토르트,즉석카레짜장,분말카레
상온HMR,레토르트,즉석카레짜장,즉석짜장
상온HMR,레토르트,즉석카레짜장,즉석카레
상온HMR,레토르트,즉석카레짜장,즉석카레짜장
상온HMR,반찬/절임/소스,단무지,단무지
상온HMR,병통조림,과일병통조림,과일병통조림
상온HMR,병통조림,참치통조림,참치통조림
상온HMR,병통조림,채소병통조림,채소병통조림
상온HMR,봉지면,국물봉지라면,국물봉지라면
상온HMR,분말조리식,기타분말조리식,기타분말조리식
상온HMR,분말조리식,분말국/찌개,분말국/찌개
상온HMR,분말조리식,분말누룽지,즉석누룽지
상온HMR,분말조리식,분말스프,분말스프
상온HMR,분말조리식,분말죽,분말죽
상온HMR,분말조리식,분말카레짜장,분말카레
상온HMR,분말조리식,분말카레짜장,분말카레짜장
상온HMR,분말조미료,가공조미료,가공조미료
상온HMR,분말조미료,기타조미료세트,기타조미료세트
상온HMR,분말조미료,기타향신료,기타향신료
상온HMR,분말조미료,깨,깨
상온HMR,분말조미료,자연조미료,자연조미료
상온HMR,분말조미료,허브류,허브류
상온HMR,분말조미료,후추,후추
상온HMR,분말조미류,기타향신료,기타향신료
상온HMR,비스킷,쿠키,쿠키
상온HMR,빵,일반빵,일반빵
상온HMR,설탕류,기타설탕류,기타설탕류
상온HMR,설탕류,물엿/시럽,물엿/시럽
상온HMR,설텅류,기타설탕류,기타설탕류
상온HMR,소금류,암염,암염
상온HMR,소금류,정제염,정제염
상온HMR,소금류,천일염,천일염
상온HMR,소스류,고기양념장,고기양념장
상온HMR,소스류,국물용소스,국물용소스
상온HMR,소스류,맛가루,기타레토르트
상온HMR,소스류,맛가루,맛가루
상온HMR,소스류,상온드레싱,상온드레싱
상온HMR,소스류,양념소스,양념소스
상온HMR,소스류,파,파
상온HMR,소스류,파스타소스,파스타소스
상온HMR,소스류,향미유,향미유
상온HMR,소시지,소시지,소시지
상온HMR,스낵,감자스낵,감자스낵
상온HMR,스낵,고구마스낵,고구마스낵
상온HMR,스낵,과일스낵,과일스낵
상온HMR,스낵,쌀스낵,쌀스낵
상온HMR,스낵,야채스낵,야채스낵
상온HMR,스낵,영유아과자,영유아과자
상온HMR,시리얼,일반시리얼,일반시리얼
상온HMR,식용유,기타식용유,기타식용유
상온HMR,식용유,올리브유,올리브유
상온HMR,식용유,참기름/들기름,참기름/들기름
상온HMR,식용유,포도씨유,포도씨유
상온HMR,식용유,해바라기씨유,해바라기씨유
상온HMR,씨리얼,일반시리얼,일반시리얼
상온HMR,액상조미료,식초,식초
상온HMR,양곡,고시히카리,고시히카리
상온HMR,양곡,기타양곡,기타양곡
상온HMR,요구르트,떠먹는요구르트,떠먹는요구르트
상온HMR,잡곡,귀리,귀리
상온HMR,잡곡,기타잡곡류,기타잡곡류
상온HMR,잡곡,보리,보리
상온HMR,잡곡,조/수수,조/수수
상온HMR,잡곡,찹쌀,찹쌀
상온HMR,잡곡,콩,콩
상온HMR,잡곡,현미,현미
상온HMR,잡곡,혼합잡곡,혼합잡곡
상온HMR,잡곡,흑미,흑미
상온HMR,장류,쌈장,쌈장
상온HMR,전통과자,기타전통과자,기타전통과자
상온HMR,절임/잼,과일잼,과일잼
상온HMR,절임/잼,스프레드,스프레드
상온HMR,초콜렛,쉘초콜릿,쉘초콜릿
상온HMR,초콜렛,초콜릿세트,초콜릿세트
상온HMR,치즈,기타자연치즈,기타자연치즈
상온HMR,치즈,스낵치즈,스낵치즈
상온HMR,치즈,치즈가루,치즈가루
상온HMR,치즈,크림치즈,크림치즈
상온HMR,캔통조림,기타통조림,기타통조림
상온HMR,커피류,커피크리머,커피크리머
생활용품,기타,기타,기타
생활용품,위생용품,구강용품,칫솔
소스,가공분만류,밀가루,밀가루
소스,가공분말류,곡물가루,곡물가루
소스,가공분말류,기타제빵재료,기타제빵재료
소스,가공분말류,도넛가루/핫케이크가루,도넛가루/핫케이크가루
소스,가공분말류,부침가루,부침가루
소스,가공분말류,빵가루,빵가루
소스,가공분말류,빵믹스,빵믹스
소스,가공분말류,튀김가루,튀김가루
소스,분말조미료,가공조미료,가공조미료
소스,분말조미료,기타향신료,기타향신료
소스,분말조미료,깨,깨
소스,분말조미료,자연조미료,자연조미료
소스,분말조미료,후추,후추
소스,설탕류,갈색설탕,갈색설탕
소스,설탕류,물엿/시럽,물엿
소스,설탕류,물엿/시럽,물엿/시럽
소스,설탕류,하얀설탕,하얀설탕
소스,소금류,암염,암염
소스,소금류,정제염,가공조미료
소스,소금류,정제염,정제염
소스,소금류,제재염,제재염
소스,소금류,천일염,천일염
소스,소금류,호수염,호수염
소스,소스류,고기양념장,고기양념장
소스,소스류,국물용소스,국물용소스
소스,소스류,마요네즈,마요네즈
소스,소스류,물엿/시럽,물엿/시럽
소스,소스류,상온드레싱,상온드레싱
소스,소스류,앙념소스,앙념소스
소스,소스류,양념소스,고기양념장
소스,소스류,양념소스,양념소스
소스,소스류,케첩,케첩
소스,소스류,파스타소스,파스타소스
소스,식용유,옥수수기름,옥수수기름
소스,식용유,참기름/들기름,참기름
소스,식용유,참기름/들기름,참기름/들기름
소스,식용유,콩기름,콩기름
소스,식용유,향미유,향미유
소스,액상조미료,맛술,맛술
소스,액상조미료,식초,식초
소스,액상조미료,액상조미료,액상조미료
소스,액상조미료,액젓,액젓
소스,액상조미료,음용식초,음용식초
소스,장류,간장,간장
소스,장류,겨자/고추냉이,겨자/고추냉이
소스,장류,고추장,고추장
소스,장류,고추장,일반고추장
소스,장류,고추장,초고추장
소스,장류,기타장류,곡물가루
소스,장류,기타장류,기타장류
소스,장류,된장,된장
소스,장류,쌈장,쌈장
소스,절임/잼,과일잼,과일잼
소스,절임/잼,스프레드,스프레드
소스,주방세제,일반주방세제,일반주방세제
소스,차류,과실차,과실차
소스,차류,허브/꽃차,허브/꽃차
소스,치즈,가루치즈,가루치즈
유제품,버터,가염버터,가염버터
유제품,버터,마가린,마가린
유제품,버터,무염버터,무염버터
유제품,요구르트,떠먹는 요구르트,떠먹는 요구르트
유제품,요구르트,마시는 요구르트,마시는 요구르트
유제품,우유,가공우유,검은콩우유
유제품,우유,가공우유,기타우유
유제품,우유,가공우유,딸기우유
유제품,우유,가공우유,바나나우유
유제품,우유,가공우유,초코우유
유제품,우유,가공우유,커피우유
유제품,우유,일반우유,고칼슘우유
유제품,우유,일반우유,락토프리우유
유제품,우유,일반우유,유기농우유
유제품,우유,일반우유,일반우유
유제품,우유,일반우유,저지방우유
유제품,치즈,까망베르치즈,까망베르치즈
유제품,치즈,리코타치즈,리코타치즈
유제품,치즈,모짜렐라치즈,모짜렐라치즈
유제품,치즈,생치즈,생치즈
유제품,치즈,체다치즈,체다치즈
유제품,치즈,크림치즈,크림치즈
음료,과일음료,어린이음료,어린이음료
음료,과채음료,과일음료,과일음료
음료,과채음료,과일음료,어린이음료
음료,과채음료,과채혼합음료,과채혼합음료
음료,과채음료,어린이음료,과채혼합음료
음료,과채음료,어린이음료,어린이음료
음료,과채음료,원액,원액
음료,과채음료,채소음료,채소음료
음료,기능성음료,기타,기타
음료,기능성음료,기타기능성음료,기타기능성음료
음료,기능성음료,비타민/에너지음료,비타민/에너지음료
음료,기능성음료,숙취해소음료,숙취해소음료
음료,기능성음료,스포츠음료,스포츠음료
음료,기능성음료,식이섬유음료,식이섬유음료
음료,기능성음료,한방음료,한방음료
음료,기타,기타,기타
음료,냉장음료,냉장곡물견과음료,냉장곡물견과음료
음료,냉장음료,코코넛워터,코코넛워터
음료,두유,기능성두유,기능성두유
음료,두유,일반두유,일반두유
음료,맥주,국산맥주,국산맥주
음료,맥주,수입맥주,수입맥주
음료,생수,일반생수,어린이음료
음료,생수,일반생수,일반생수
음료,소스류,고추장,고추장
음료,액상조미료,음용식초,음용식초
음료,욕실주거세제,다목적주방세제,다목적주방세제
음료,우유,가공우유,가공우유
음료,우유,기능성우유,기능성우유
음료,장류,간장,간장
음료,전통주,기타전통주,기타전통주
음료,전통주,일본술,일본술
음료,차류,과실차,과실차
음료,차류,녹차/홍차,녹차/홍차
음료,차음료,기타차음료,기타차음료
음료,차음료,일반,일반
음료,차음료,일반차음료,일반차음료
음료,차음료,전통차음료,전통차음료
음료,커피음료,커피음료,커피음료
음료,탄산수,Flavor탄산수,Flavor탄산수
음료,탄산수,플레인탄산수,플레인탄산수
음료,탄산수,플렝니탄산수,플렝니탄산수
음료,탄산음료,무알콜맥주,무알콜맥주
음료,탄산음료,사이다,사이다
음료,탄산음료,콜라,콜라
음료,탄산음료,혼합탄산,혼합탄산
음료,탄산음료,홉합탄산,홉합탄산
이/미용,레저취미,반려견간식,반려견간식
이/미용,면봉/화장솜,면봉/화장솜,면봉/화장솜
이/미용,생수,일반생수,일반생수
이/미용,캔디,기능성캔디,기능성캔디
이/미용,화장품,메이크업세트,메이크업세트
주류,기타주류,럼,럼
주류,기타주류,보드카,보드카
주류,기타주류,샴페인,샴페인
주류,기타주류,요리주,요리주
주류,기타주류,위스키,위스키
주류,기타주류,진,진
주류,기타주류,칵테일,칵테일
주류,맥주,국내맥주,국내맥주
주류,맥주,무알콜맥주,무알콜맥주
주류,맥주,수입맥주,수입맥주
주류,소주,증류식소주,증류식소주
주류,와인,레드와인,레드와인
주류,와인,로제와인,로제와인
주류,와인,스파클링와인,스파클링와인
주류,와인,화이트와인,화이트와인
주류,전통주,고량주,고량주
주류,전통주,과실주,과실주
주류,전통주,막걸리,막걸리
주류,전통주,사케,사케
주류,전통주,청주,청주
커피차,분말차,과실절임차,매실차
커피차,분말차,과실절임차,모과차
커피차,분말차,과실절임차,유자차
커피차,분말차,기타,견과차
커피차,분말차,기타,계피차
커피차,분말차,기타,기능성차
커피차,분말차,기타,기타
커피차,분말차,기타,노니차
커피차,분말차,기타,단백질쉐이크
커피차,분말차,기타,도라지차
커피차,분말차,기타,마차
커피차,분말차,기타,콩차
커피차,분말차,꿀차,꿀차
커피차,분말차,녹차,녹차
커피차,분말차,녹차,녹차/현미녹차
커피차,분말차,녹차/현미녹차,녹차/현미녹차
커피차,분말차,둥굴레차,둥굴레차
커피차,분말차,마테차,마테차
커피차,분말차,메밀차,메밀차
커피차,분말차,밀크티,밀크치
커피차,분말차,밀크티,밀크티
커피차,분말차,보리차,보리차
커피차,분말차,뿌리차,뿌리차
커피차,분말차,생강차,생강차
커피차,분말차,아이스티,아이스티
커피차,분말차,옥수수차,옥수수차
커피차,분말차,우엉차,우엉차
커피차,분말차,잎차,결명자차
커피차,분말차,잎차,그라비올라차
커피차,분말차,잎차,기타
커피차,분말차,잎차,라벤더
커피차,분말차,잎차,모링가차
커피차,분말차,잎차,보이차
커피차,분말차,잎차,뽕잎차
커피차,분말차,잎차,새싹보리
커피차,분말차,잎차,자스민
커피차,분말차,잎차,히비스커스
커피차,분말차,전통차,대추차
커피차,분말차,전통차,식혜
커피차,분말차,전통차,쌍화차
커피차,분말차,전통차,한차
커피차,분말차,커피,기능성차
커피차,분말차,커피,라떼
커피차,분말차,커피,마키아또
커피차,분말차,커피,모카
커피차,분말차,커피,아메리카노
커피차,분말차,커피,원두커피
커피차,분말차,커피,인스턴트커피
커피차,분말차,커피,카푸치노
커피차,분말차,커피,커피
커피차,분말차,커피,헤이즐넛
커피차,분말차,코코아/핫초코,딸기맛
커피차,분말차,코코아/핫초코,라떼
커피차,분말차,코코아/핫초코,바닐라맛
커피차,분말차,코코아/핫초코,초코맛
커피차,분말차,허브차,레몬밤
커피차,분말차,허브차,루이보스
커피차,분말차,허브차,얼그레이
커피차,분말차,허브차,쟈스민
커피차,분말차,허브차,캐모마일
커피차,분말차,허브차,페퍼민트
커피차,분말차,허브차,허브차
커피차,분말차,홍차,홍차
커피차,액상차,과실절임차,깔라만시
커피차,액상차,과실절임차,노니차
커피차,액상차,과실절임차,레몬차
커피차,액상차,과실절임차,매실차
커피차,액상차,과실절임차,모과
커피차,액상차,과실절임차,모과차
커피차,액상차,과실절임차,블루베리
커피차,액상차,과실절임차,산수유
커피차,액상차,과실절임차,석류차
커피차,액상차,과실절임차,오렌지
커피차,액상차,과실절임차,오미자차
커피차,액상차,과실절임차,유자차
커피차,액상차,과실절임차,한라봉차
커피차,액상차,기타,기타
커피차,액상차,기타,도라지차
커피차,액상차,생강차,생강차
커피차,액상차,아이스티,아이스티
커피차,액상차,전통차,대추차
커피차,액상차,전통차,쌍화차
커피차,액상차,커피,아메리카노
통조림/안주,안주,견과류,땅콩
통조림/안주,안주,견과류,아몬드
통조림/안주,안주,견과류,호두
통조림/안주,안주,견과류,혼합견과
통조림/안주,안주,냉장/냉동식품,간편요리
통조림/안주,안주,냉장/냉동식품,기타
통조림/안주,안주,냉장/냉동식품,유제품
통조림/안주,안주,수산물/건해산,쥐포/어포/육포
통조림/안주,통조림,가미통조림,스팸/햄통조림
통조림/안주,통조림,가미통조림,옥수수/반찬통조림
통조림/안주,통조림,가미통조림,참치통조림
통조림/안주,통조림,과일통조림,기타통조림
통조림/안주,통조림,과일통조림,복숭아통조림
통조림/안주,통조림,과일통조림,파인애플통조림
통조림/안주,통조림,보일드통조림,고등어통조림
통조림/안주,통조림,보일드통조림,골뱅이통조림
통조림/안주,통조림,보일드통조림,기타수산통조림
통조림/안주,통조림,보일드통조림,기타축산통조림
통조림/안주,통조림,보일드통조림,꽁치통조림
통조림/안주,통조림,보일드통조림,닭가슴살통조림
통조림/안주,통조림,보일드통조림,번데기통조림
통조림/안주,통조림,보일드통조림,참치통조림
통조림/안주,통조림,보일드통조림,채소통조림
통조림/안주,통조림,애견식품,애견습식사료
